USER NAME;NAME;AGREEABLENESS;CONSCIENTIOUSNESS;EXTRAVERSION;EMOTIONAL RANGE;OPENNESS
schowdhury;Sudeep Chowdhury;4;5;2;5;5
sbiswas;Santosh Biswas;2;2;3;3;3
sandeepc;Sandeep Chowdhury;4;1;4;4;4
ab;Ayan Biswas ;4;5;1;2;3
d_dey;Dishari Dey;5;5;2;3;2
pinaki1234;Pinaki Sinha;5;5;2;3;1
raj_das;Rajendra Das;4;1;5;3;2
dm11;Debanjali Modak;3;1;4;3;2
tri_lai_11;Trinava Lai;5;1;1;2;2
gourab_burwal;Gourab Burwal;1;3;3;1;1
ks2121;Khushi Suhasaria;1;2;5;3;1
anweshasen1;Anwesha Sen;5;1;4;3;1
singhnilanjana;Nilanjana Singh;2;3;2;4;5
sayonsuke;Sayon Sikdar;4;4;2;4;5
snakelord;Saptarishi Mandal;3;4;2;1;2
p_o_u_l_a_m_i;Poulami Halder;3;4;2;2;1
Chandra1278;Animesh Chandra;3;4;2;2;2
imsneha1;Sneha Chakrabraty;4;2;3;4;3
biswajit45;Biswajit Sangiri;2;3;1;2;2
ac17;Aayushman Chowdhury;1;1;4;3;3
kmkmkm12;Krishna Mukherjee;1;4;3;1;1
sangu_m;Sanghapriya Mukhopadhya;1;4;1;5;5
pkhaikya;Prabir Kundu;5;5;2;1;1
negirounika;Rounika Negi;4;4;4;1;1
rpp1996;Prateek Priyadarshan;2;2;5;3;1
nil.c;Nilesh Chandra;1;3;5;4;5
nightrider;Sayan Ghosh;3;3;3;2;4
sd2114;Souvik Dey;2;1;1;1;3
utsad;Utsa Dey;4;4;3;4;3
dhabalgourab;Gourab Dhabal;3;4;5;5;5
anandi75;Arpita Nandi;5;4;4;5;5
kumararun;Arun Kumar;4;3;4;4;3
paldiya;Diya Pal;4;4;2;3;4
nkr;Nitish Kumar;4;5;4;2;4
pathakrajibpathak;Rajib Pathak;5;1;1;4;5
omsingh1234566;Om Singh;2;2;1;1;4
dey_anish;Anish Dey;1;3;5;3;5
neha_C;Neha Chakraborty;3;1;3;2;1
Debmallik;Debraj Mallik ;5;4;2;1;1
SDS;Snehasis Dey;4;4;1;1;2
alamSir;Asfaque Alam;3;5;1;1;3
mandalpapri65;Papri Mandal;4;4;4;1;2
Bhaskartiwari_;Bhaskar Tiwari;4;3;2;1;1
Msen;Manisha Sen;3;2;3;1;1
mallikSumona._;Sumona Mallik;2;2;1;1;2
dasganesha;Ganesh Das;3;1;4;5;5
raniim;Rani Ojha;3;2;5;5;5
imkumar;Barun Kumar;1;1;2;4;3
rahulneomandal;Rahul Mandal;3;1;2;4;3
